{"cameraMode":{"drawMode":0,"name":"Shaded","section":"Shading Mode"},"sceneLighting":true,"audioPlay":false,"sceneViewState":{"showFog":true,"showMaterialUpdate":false,"showSkybox":true,"showFlares":true,"showImageEffects":true,"showParticleSystems":true,"showVisualEffectGraphs":true,"m_FxEnabled":true},"in2DMode":false,"pivot":{"x":2.3982300758361818,"y":12.899317741394043,"z":-4.544462203979492},"rotation":{"x":-0.1028553694486618,"y":0.38689956068992617,"z":-0.043473340570926669,"w":-0.9153391718864441},"size":30.572614669799806,"orthographic":false}